link_foto_principal,ordem
https://images.yampi.me/assets/stores/grupo-ecobelle/uploads/images/condicionador-extrato-de-algas-marinhas-eco-belle-1-l-65faedce4c2fc-medium.png,111
https://images.yampi.me/assets/stores/grupo-ecobelle/uploads/images/shampoo-remineralizante-extrato-de-algas-marinhas-eco-belle-1-l-65faebd9b4e35-medium.png,111
https://images.yampi.me/assets/stores/grupo-ecobelle/uploads/images/shampoo-e-condicionador-algas-marinhas-1l-eco-belle-671056702fa08-medium.png,111
https://images.yampi.me/assets/stores/grupo-ecobelle/uploads/images/condicionador-matizador-eco-belle-1-l-nova-embalagem-6659db0c16c00-medium.png,111
https://images.yampi.me/assets/stores/grupo-ecobelle/uploads/images/shampoo-matizador-eco-belle-1-l-nova-embalagem-6659da611fa15-medium.png,111
https://images.yampi.me/assets/stores/grupo-ecobelle/uploads/images/mascara-matizadora-ecobelle-1-kg-66ffeae1ef321-medium.png,111
https://images.yampi.me/assets/stores/grupo-ecobelle/uploads/images/emulsao-cremosa-oxidante-ox10-volumes-ecobelle-900-ml-67411a0d22bbe-medium.png,111
https://images.yampi.me/assets/stores/grupo-ecobelle/uploads/images/emulsao-cremosa-oxidante-ox20-volumes-ecobelle-900-ml-6723a34532103-medium.png,111
https://images.yampi.me/assets/stores/grupo-ecobelle/uploads/images/emulsao-cremosa-ox-30-volumes-eco-belle-900-ml-64f205ce1ecc8-medium.png,111
https://images.yampi.me/assets/stores/grupo-ecobelle/uploads/images/emulsao-cremosa-ox-40-volumes-eco-belle-900-ml-64f2086601e8c-medium.png,111
https://images.yampi.me/assets/stores/grupo-ecobelle/uploads/images/kit-protetor-de-descoloracao-eco-plex-2-passos-300-ml-646d06e1be94f-medium.png,111
https://images.yampi.me/assets/stores/grupo-ecobelle/uploads/images/po-descolorante-capilar-profissional-eco-belle-500g-646d07a1b283e-medium.png,111
https://images.yampi.me/assets/stores/grupo-ecobelle/uploads/images/po-descolorante-white-500-g-646d08105d7c4-medium.png,111
https://images.yampi.me/assets/stores/grupo-ecobelle/uploads/images/condicionador-ecobarber-1l-646d091943673-medium.png,111
https://images.yampi.me/assets/stores/grupo-ecobelle/uploads/images/shampoo-ecobarber-1l-646d099c6ed39-medium.png,111
https://images.yampi.me/assets/stores/grupo-ecobelle/uploads/images/shampoo-e-condicionador-ecobarber-1l-646d0a3a0ae2a-medium.png,111
https://images.yampi.me/assets/stores/grupo-ecobelle/uploads/images/ampola-semi-di-lino-15ml-4-unidades-646d0ce1f27ef-medium.png,111
https://images.yampi.me/assets/stores/grupo-ecobelle/uploads/images/bye-quebra-eco-belle-250ml-646d15a2abba5-medium.png,111
https://images.yampi.me/assets/stores/grupo-ecobelle/uploads/images/kit-doeden-capim-limao-alecrim-6479e42ea3cfc-medium.png,111
https://images.yampi.me/assets/stores/grupo-ecobelle/uploads/images/cronograma-da-lama-completo-6479eeb60c5e5-medium.png,111
https://images.yampi.me/assets/stores/grupo-ecobelle/uploads/images/ironed-hair-ecobelle-50g-6479f0d661234-medium.png,111
https://images.yampi.me/assets/stores/grupo-ecobelle/uploads/images/ironed-hair-silver-50g-6479f163c659a-medium.png,111
https://images.yampi.me/assets/stores/grupo-ecobelle/uploads/images/mascara-ironed-hair-500g-674123a094cdc-medium.png,111
https://images.yampi.me/assets/stores/grupo-ecobelle/uploads/images/ironed-hair-silver-500g-67411caf256a1-medium.png,111
https://images.yampi.me/assets/stores/grupo-ecobelle/uploads/images/condicionador-la-boue-home-care-blanc-300ml-6479f3683916e-medium.png,111
https://images.yampi.me/assets/stores/grupo-ecobelle/uploads/images/gloss-finalizador-la-boue-home-care-blanc-300ml-6479f43ac76d2-medium.png,111
https://images.yampi.me/assets/stores/grupo-ecobelle/uploads/images/shampoo-quartzo-la-boue-branc-com-avela-eco-belle-500-ml-6479f5304400a-medium.png,111
https://images.yampi.me/assets/stores/grupo-ecobelle/uploads/images/kit-la-boue-blanc-eco-belle-argila-branca-500ml-6479f62ed6204-medium.png,111
https://images.yampi.me/assets/stores/grupo-ecobelle/uploads/images/kit-la-boue-blanc-eco-belle-argila-branca-6479f723746d6-medium.png,111
https://images.yampi.me/assets/stores/grupo-ecobelle/uploads/images/selante-capilar-la-boue-blanc-eco-belle-500ml-6479f7e7266a2-medium.png,111
https://images.yampi.me/assets/stores/grupo-ecobelle/uploads/images/mascara-de-tratamento-la-boue-blanc-ecobelle-500ml-6479f8ff1c5a8-medium.png,111
https://images.yampi.me/assets/stores/grupo-ecobelle/uploads/images/shampoo-la-boue-home-care-blanc-300ml-6479f9d45315f-medium.png,111
https://images.yampi.me/assets/stores/grupo-ecobelle/uploads/images/kit-la-boue-blanc-home-care-3-itens-6479fa8b93395-medium.png,111
https://images.yampi.me/assets/stores/grupo-ecobelle/uploads/images/condicionador-la-boue-home-care-verte-300ml-6479fc9f8aff9-medium.png,111
https://images.yampi.me/assets/stores/grupo-ecobelle/uploads/images/shampoo-la-boue-home-care-verte-300ml-6479fdc9cc66d-medium.png,111
https://images.yampi.me/assets/stores/grupo-ecobelle/uploads/images/finalizador-la-boue-home-care-verte-300ml-6479feb6deb3b-medium.png,111
https://images.yampi.me/assets/stores/grupo-ecobelle/uploads/images/kit-la-boue-verte-ecobelle-500ml-6479ff54d628c-medium.png,111
https://images.yampi.me/assets/stores/grupo-ecobelle/uploads/images/selante-capilar-la-boue-verte-ecobelle-verte-500ml-647a0016e584e-medium.png,111
https://images.yampi.me/assets/stores/grupo-ecobelle/uploads/images/mascara-de-tratamento-la-boue-vert-ecobelle-500ml-647a0104c6827-medium.png,111
https://images.yampi.me/assets/stores/grupo-ecobelle/uploads/images/kit-la-boue-verte-home-care-3-itens-647a01b4e038b-medium.png,111
https://images.yampi.me/assets/stores/grupo-ecobelle/uploads/images/condicionador-matizador-silver-eco-belle-300ml-674125986d4d4-medium.png
https://images.yampi.me/assets/stores/grupo-ecobelle/uploads/images/kit-lama-vulcanica-la-boue-ecobelle-647a1eb05cb0c-medium.png,111
https://images.yampi.me/assets/stores/grupo-ecobelle/uploads/images/kit-lama-vulcanica-la-boue-ecobelle-300g-647a1f77743a3-medium.png,111
https://images.yampi.me/assets/stores/grupo-ecobelle/uploads/images/kit-manutencao-lama-la-boue-ecobelle-300ml-3-itens-64f20fda924c9-medium.png,111
https://images.yampi.me/assets/stores/grupo-ecobelle/uploads/images/kit-manutencao-home-care-silver-ecobelle-300ml-3-itens-67412ba3969a3-medium.png,111
https://images.yampi.me/assets/stores/grupo-ecobelle/uploads/images/mascara-la-boue-ecobelle-dossier-noir-12-kg-647a22b2c3926-medium.png,111
https://images.yampi.me/assets/stores/grupo-ecobelle/uploads/images/mascara-la-boue-eco-belle-dossier-noir-300g-647a234b54a25-medium.png,111
https://images.yampi.me/assets/stores/grupo-ecobelle/uploads/images/mascara-la-boue-lama-vulcanica-50g-647a24032d2d7-medium.png,111
https://images.yampi.me/assets/stores/grupo-ecobelle/uploads/images/mascara-matizadora-silver-ecobelle-300g-647a24e908e55-medium.png,111
https://images.yampi.me/assets/stores/grupo-ecobelle/uploads/images/selante-la-boue-mastic-noir-eco-belle-300ml-647a2699829b2-medium.png,111
https://images.yampi.me/assets/stores/grupo-ecobelle/uploads/images/selante-la-boue-mastic-noir-eco-belle-500ml-647a2745d0429-medium.png,111
https://images.yampi.me/assets/stores/grupo-ecobelle/uploads/images/shampoo-matizador-eco-belle-300ml-67412d0f82b5a-medium.png,111
https://images.yampi.me/assets/stores/grupo-ecobelle/uploads/images/shampoo-quartzo-liquide-la-boue-ecobelle-300ml-647a290bac5e1-medium.png,111
https://images.yampi.me/assets/stores/grupo-ecobelle/uploads/images/shampoo-quartzo-liquide-la-boue-ecobelle-500ml-647a297794663-medium.png,111
https://images.yampi.me/assets/stores/grupo-ecobelle/uploads/images/shampoo-remineralizante-la-boue-ecobelle-300ml-67412db531f98-medium.png,111
https://images.yampi.me/assets/stores/grupo-ecobelle/uploads/images/mascara-efeito-teia-ecobelle-1-kg-64f2092369173-medium.png,111
https://images.yampi.me/assets/stores/grupo-ecobelle/uploads/images/gran-finale-protetor-termico-eco-belle-200-ml-64ef42b2de208-medium.png,111
https://images.yampi.me/assets/stores/grupo-ecobelle/uploads/images/gran-finale-blond-protetor-termico-eco-belle-200-ml-64ef7eb8006b0-medium.png,111
https://images.yampi.me/assets/stores/grupo-ecobelle/uploads/images/kit-pimenta-rosa-eco-belle-64ef8bb1e85f1-medium.png,111
https://images.yampi.me/assets/stores/grupo-ecobelle/uploads/images/shampoo-pimenta-rosa-eco-belle-300-ml-64ef8d6bc5337-medium.png,111
https://images.yampi.me/assets/stores/grupo-ecobelle/uploads/images/condicionador-pimenta-rosa-eco-belle-300-ml-64ef8e1f89285-medium.png,111
https://images.yampi.me/assets/stores/grupo-ecobelle/uploads/images/mascara-pimenta-rosa-eco-belle-250-g-64ef8eaa287f7-medium.png,111
https://images.yampi.me/assets/stores/grupo-ecobelle/uploads/images/shampoo-doeden-capim-limao-alecrim-300-ml-64ef9399b1302-medium.png,111
https://images.yampi.me/assets/stores/grupo-ecobelle/uploads/images/condicionador-doeden-capim-limao-alecrim-300-ml-64ef94abee37f-medium.png,111
https://images.yampi.me/assets/stores/grupo-ecobelle/uploads/images/mascara-doeden-capim-limao-alecrim-250-g-64ef961308e96-medium.png,111
https://images.yampi.me/assets/stores/grupo-ecobelle/uploads/images/emulsao-cremosa-ox-05-volumes-eco-belle-900-ml-64f209e678dec-medium.png,111
https://images.yampi.me/assets/stores/grupo-ecobelle/uploads/images/shampoo-manutencao-lama-la-boue-ecobelle-300-ml-64f210d1866b7-medium.png,111
https://images.yampi.me/assets/stores/grupo-ecobelle/uploads/images/recondicionador-manutencao-lama-la-boue-ecobelle-300-ml-64f2114912a29-medium.png,111
https://images.yampi.me/assets/stores/grupo-ecobelle/uploads/images/locao-noturna-manutencao-lama-la-boue-ecobelle-300-ml-64f211b0dccd7-medium.png,111
https://images.yampi.me/assets/stores/grupo-ecobelle/uploads/images/mascara-reestruturadora-ecobelle-2-kg-64f2132cc36ca-medium.png,111
https://images.yampi.me/assets/stores/grupo-ecobelle/uploads/images/shampoo-ecobelle-25-l-64f2156968b67-medium.png,111
https://images.yampi.me/assets/stores/grupo-ecobelle/uploads/images/reparador-de-pontas-eco-belle-60-ml-650dbfa22de3d-medium.png,111
https://images.yampi.me/assets/stores/grupo-ecobelle/uploads/images/oleo-de-ojon-ecobelle-60-ml-650dc4147e0dd-medium.png,111
https://images.yampi.me/assets/stores/grupo-ecobelle/uploads/images/shampoo-curlys-cachos-bela-pro-300-ml-653725d249142-medium.png,111
https://images.yampi.me/assets/stores/grupo-ecobelle/uploads/images/condicionador-curlys-cachos-bela-pro-300-ml-653727380b1a3-medium.png,111
https://images.yampi.me/assets/stores/grupo-ecobelle/uploads/images/mascara-curlys-cachos-bela-pro-300-g-653728639b65d-medium.png,111
https://images.yampi.me/assets/stores/grupo-ecobelle/uploads/images/kit-liso-magico-bela-pro-66c69de3c1f72-medium.png,111
https://images.yampi.me/assets/stores/grupo-ecobelle/uploads/images/shampoo-liso-magico-bela-pro-300-ml-65372e2c85786-medium.png,111
https://images.yampi.me/assets/stores/grupo-ecobelle/uploads/images/condicionador-liso-magico-bela-pro-300-ml-65372e9d34eb5-medium.png,111
https://images.yampi.me/assets/stores/grupo-ecobelle/uploads/images/mascara-liso-magico-bela-pro-300-g-65372f05f1a7c-medium.png,111
https://images.yampi.me/assets/stores/grupo-ecobelle/uploads/images/kit-silver-platinum-bela-pro-66c69cdc562cf-medium.png,111
https://images.yampi.me/assets/stores/grupo-ecobelle/uploads/images/shampoo-silver-platinum-bela-pro-300-ml-65373248b1354-medium.png,111
https://images.yampi.me/assets/stores/grupo-ecobelle/uploads/images/condicionador-silver-platinum-bela-pro-300-ml-65373307cd300-medium.png,111
https://images.yampi.me/assets/stores/grupo-ecobelle/uploads/images/mascara-silver-platinum-bela-pro-300-g-653733904fd23-medium.png,111
https://images.yampi.me/assets/stores/grupo-ecobelle/uploads/images/kit-nutrisim-bela-pro-66c69b5139d27-medium.png,111
https://images.yampi.me/assets/stores/grupo-ecobelle/uploads/images/shampoo-nutrisim-bela-pro-500-ml-653735fca65f4-medium.png,111
https://images.yampi.me/assets/stores/grupo-ecobelle/uploads/images/condicionador-nutrisim-bela-pro-500-ml-65373679b86bf-medium.png,111
https://images.yampi.me/assets/stores/grupo-ecobelle/uploads/images/mascara-nutrisim-bela-pro-300-g-653736f43e10a-medium.png,111
https://images.yampi.me/assets/stores/grupo-ecobelle/uploads/images/creme-de-pentear-leave-in-nutrisim-bela-pro-500-ml-6537379b5b1e3-medium.png,111
https://images.yampi.me/assets/stores/grupo-ecobelle/uploads/images/kit-hidrasim-bela-pro-66c69d55659b2-medium.png,111
https://images.yampi.me/assets/stores/grupo-ecobelle/uploads/images/shampoo-hidrasim-bela-pro-500-ml-653739b5aba20-medium.png,111
https://images.yampi.me/assets/stores/grupo-ecobelle/uploads/images/condicionador-hidrasim-bela-pro-500-ml-65373a203c4aa-medium.png,111
https://images.yampi.me/assets/stores/grupo-ecobelle/uploads/images/mascara-hidrasim-bela-pro-300-g-65373a7bc11d5-medium.png,111
https://images.yampi.me/assets/stores/grupo-ecobelle/uploads/images/serum-hidrasim-bela-pro-60-ml-65373b13d9e71-medium.png,111
https://images.yampi.me/assets/stores/grupo-ecobelle/uploads/images/kit-curlys-cachos-bela-pro-66c69c30593a1-medium.png,111
https://images.yampi.me/assets/stores/grupo-ecobelle/uploads/images/kit-industria-pra-favela-800-ml-66c69f3bc524e-medium.png,111
https://images.yampi.me/assets/stores/grupo-ecobelle/uploads/images/kit-industria-pra-favela-450-ml-66c69ecf1397b-medium.png,111
https://images.yampi.me/assets/stores/grupo-ecobelle/uploads/images/kit-industria-pra-favela-280-ml-66c6a03f4913f-medium.png,111
https://images.yampi.me/assets/stores/grupo-ecobelle/uploads/images/oleo-de-argan-ecobelle-60-ml-6669cd45b4fdb-medium.png,111
https://images.yampi.me/assets/stores/grupo-ecobelle/uploads/images/shampoo-coco-camomila-by-vitoria-lima-ecobelle-300-ml-667ac95c76b57-medium.png,111
https://images.yampi.me/assets/stores/grupo-ecobelle/uploads/images/kit-coco-camomila-by-vitoria-lima-ecobelle-300-ml-66cf3cd879731-medium.png,111
https://images.yampi.me/assets/stores/grupo-ecobelle/uploads/images/condicionador-coco-camomila-by-vitoria-lima-ecobelle-300-ml-667ac92af0520-medium.png,111
https://images.yampi.me/assets/stores/grupo-ecobelle/uploads/images/mascara-coco-camomila-by-vitoria-lima-ecobelle-250g-667ac429c4e0b-medium.png,111
https://images.yampi.me/assets/stores/grupo-ecobelle/uploads/images/finalizador-termico-coco-camomila-by-vitoria-lima-200-ml-667c4d7031e63-medium.png,111
https://images.yampi.me/assets/stores/grupo-ecobelle/uploads/images/reparador-de-pontas-coco-camomila-by-vitoria-lima-60-ml-667c4fc05a4cb-medium.png,111
https://images.yampi.me/assets/stores/grupo-ecobelle/uploads/images/mascara-liquida-liquid-mask-ecobelle-200-ml-66fd5cae45ed1-medium.png,111






































































































































































































































































































































































































































































































































































































































































































































































































